 Huawei P20 Lit,280,https://articulo.mercadolibre.com.ec/MEC-418551638-huawei-p20-litep20-pro-820-mate-20-lite-340-mate-10-550-_JM
 Huawei P20 Lit,275,https://articulo.mercadolibre.com.ec/MEC-418197497-huawei-p20-lite-275-mate-20-lite-350-p-smart-205-_JM
 Huawei Mate 20,350,https://articulo.mercadolibre.com.ec/MEC-418252824-huawei-mate-20-lite-350-p20-pro-820-mate-10-leica-550-_JM
 Huawei P20 Lit,270,https://articulo.mercadolibre.com.ec/MEC-418765666-huawei-p20-lite-270huawei-mate-20-lite-340-p20-pro-820-_JM
 Samsung S9 $61,609,https://articulo.mercadolibre.com.ec/MEC-418862722-samsung-s9-610-s964gb-710-128gb810micaestuche-gratis-_JM
 Iphone X,xs,xs,1.225,https://articulo.mercadolibre.com.ec/MEC-418568949-iphone-xxsxs-max64gb256gb512gb-1225-1360-1650-new-_JM
 Huawei Y9 2019,270,https://articulo.mercadolibre.com.ec/MEC-418566087-huawei-y9-2019-270-mate-20-lite-340-p20-lite-280-factura-_JM
 Samsung J8 32g,260,https://articulo.mercadolibre.com.ec/MEC-418264405-samsung-j8-32gb-260-samsung-j6-175-samsung-j6-plus-220-_JM
 Iphone 8 Plus ,824,https://articulo.mercadolibre.com.ec/MEC-418759375-iphone-8-plus-64gb-x-64gb-y-256gb-xs-256gb-xs-max-256gb-_JM
 Iphone 6 16gb ,265,https://articulo.mercadolibre.com.ec/MEC-418528835-iphone-6-16gb-32gb-64gb-6s-16gb-128gb-100-original-sellado-_JM
 Samsung J8 64g,300,https://articulo.mercadolibre.com.ec/MEC-418687302-samsung-j8-64gb-300-samsung-j8-de-32gb-260-gratis-_JM
 Iphone 6 6s 7 ,269,https://articulo.mercadolibre.com.ec/MEC-418386307-iphone-6-6s-7-7-plus-garantia-pago-tarjeta-mejor-precio-_JM
 Huawei Mate 20,340,https://articulo.mercadolibre.com.ec/MEC-418517466-huawei-mate-20-lite-340-mate-20-normal-800-_JM
 Huawei P20 Lit,264,https://articulo.mercadolibre.com.ec/count?a=KTMbgSMjg64KgYZVgKGWf%2BtH6VhJNzVl7%2F5UFfiUnrRGpsbImA2hNekUcqlistYU7aSJ7C%2FJ3O7pM%2BRHy7%2BLDc4idLk6H2rPTEEjIoVRXAXy83qtycAWFJspfLwCDIwKEO3ZqHgwg3T0%2FpTrEK%2BVfqnPgxU%2BIi3IK4i3Uad4cSDo3sMbUbv5hAFK%2FPcqTbzHVW9KLQ6wilg6LzOx1tNbPAZv1XgDihigx0A7G7G44dWHoVYiIapcRYqU9JsC3FGxAM8de259knkuZgZcNG%2FiY8M6k8moRucDOC1w8113QdA8VWADMA6p2to8Q1zuL%2FYl4gG%2FFbVnGetnPkfSQmbPDo%2FG4zFXMP7UYlohWXH%2FwOJg3X678jM1njX2Uel0AJEKGx%2FGXQ5IpLeXDdTVqN9pMqNxufBAIVeZSYKL8I8Ix98kItj149VKZSoDkyRPPfi3QaDCuJWQhVfZ8ryKftAAMOyt0LW5zmwYrQTzqh1%2FHSFZTeF3QooHDv%2FnLnA5EOuf%2FEFSDFfWjzC1PB5JSOlibd1Tl9wWweUMU5j6oVlCvzHIfOR8QfhpIFV7ZtQumF%2B9Mr6nZmYJhomuEF5ekYtEBb1yrRZseAdArhBeXpGLRAX3aTRcrc6GkgQZxrNWhOSUO51%2BJSFLVsnmuSGdr25YBYPVyFmATOw5qlZp2iNCLYjZnr3lh%2FgTvSBFXtDM6%2BgWbQh4IXs3ZzjReGIjpAPjK5UMkcymH%2BcgJxNJutgkkpk%2FZVqgfN%2B4eIiXWl6nnrDN21RoU2hG9jlKV6t3LWuOVyBfTqGazlOhCe1Rl6x8lz8mahKhEI8ESQpQATbErtt3o2wRqx%2FeDVGOSCKhQCisMm3jwkYStQYQigJxlyxl4us3cdKYM9c1I0F4O%2FmKqR76ydflghgdGMyjOoDz%2BBJmjmp9rm3Ulxhczs4%2BBJOVKz8U8Z1q2N0gbiG8%2FfEkhvtVAxeQH5SdMx59cx9bWXY1NAhOnMiqHL3UmxWOB7Cy4f%2B2ycpyX%2FbQ6B%2By%2F%2BKzGeWFlucn9b6B%2BZTM55yONIgs7s5UcCD3gDtXzU7SHLQOL35hISYj5SdSSL6cwyDuuzI2Idymgm60klnUpUM5b0wURli6uV087FZQkS3n5ISIUU9FiACb4WlvN6UeS2gewPSceyagBIO3K1TuSWQgi1Ilww%3D%3D
 Huawei P20 Lit,265,https://articulo.mercadolibre.com.ec/MEC-418244129-huawei-p20-lite-265-mate-10-li-260-mate-20-lite-335-_JM
 Huawei Mate 10,265,https://articulo.mercadolibre.com.ec/MEC-418775464-huawei-mate-10-lite-265-huawei-mate-20-lite-340-nuevos-_JM
 Samsung Galaxy,504,https://articulo.mercadolibre.com.ec/MEC-418778825-samsung-galaxy-s9-610-s9-plus-710-s8-plus-585-s8-505-_JM
 Huawei P20 Lit,265,https://articulo.mercadolibre.com.ec/MEC-418268022-huawei-p20-lite-265-mate-20-lite-330micaforro-_JM
 Xiaomi Redmi 6,124,https://articulo.mercadolibre.com.ec/MEC-418778832-xiaomi-redmi-6a-16gb-125-32gb-140-redmi-note-5-64gb-229-_JM
 Samsung J6 201,185,https://articulo.mercadolibre.com.ec/MEC-418825701-samsung-j6-2018-32gb32gb-185-j8-2018-32gb-270-factura-_JM
 Samsung J8 32g,174,https://articulo.mercadolibre.com.ec/MEC-418276753-samsung-j8-32gb-255-j8-64gb-310-j6-32gb-175-j6-plus-210-_JM
 Samsung J6 201,180,https://articulo.mercadolibre.com.ec/MEC-418893032-samsung-j6-2018-32gb32gb-j6-plus-32gb-3gb-ram-210-_JM
 Iphone 8 64gb;,874,https://articulo.mercadolibre.com.ec/MEC-418216136-iphone-8-64gb-7-256gb-128gb-7-plus-8-plus-x-nuevos-garantia-_JM
 Samsung S8 $51,510,https://articulo.mercadolibre.com.ec/MEC-418618454-samsung-s8-510-s8-plus-585-samsung-s9-plus-720-_JM
 Huawei P20 Lit,264,https://articulo.mercadolibre.com.ec/MEC-418916382-huawei-p20-lite-265-mate-20-lite-335-mate-20-pro-1100-_JM
 Xiaomi Redmi N,229,https://articulo.mercadolibre.com.ec/MEC-418657610-xiaomi-redmi-note-5-64gb-note-6-pro-64gb-255-ano-garantia-_JM
 Xiaomi Redmi N,240,https://articulo.mercadolibre.com.ec/MEC-418551642-xiaomi-redmi-note-5-64gb-240-s2-64gb-200-mi-6-64gb-180-_JM
 Samsung J8 32 ,260,https://articulo.mercadolibre.com.ec/MEC-418887337-samsung-j8-32-gb-260-samsung-j6-175-j6-plus-220-_JM
 Samsung J2 Pri,112,https://articulo.mercadolibre.com.ec/MEC-418893036-samsung-j2-prime-16gbsamsung-j4-32gb160j2-pro-16gb-125-_JM
 Iphone 5s 6 6s,169,https://articulo.mercadolibre.com.ec/MEC-418386640-iphone-5s-6-6s-7-plus-garantia-pago-tarjeta-mejor-precio-_JM
 Xiaomi Note 6 ,254,https://articulo.mercadolibre.com.ec/MEC-418901805-xiaomi-note-6-pro-255-mi-8-lite-128gb-329-de-64gb-300-_JM
 Iphone Xr, Xs ,1.069,https://articulo.mercadolibre.com.ec/MEC-418596004-iphone-xr-xs-max-64-128-256-gb-nuevos-sellados-_JM
 Iphone X64gb $,1.119,https://articulo.mercadolibre.com.ec/MEC-418568913-iphone-x64gb-11208de-64bg-7808plus-64gb-845x256gb-1280-_JM
 Xiaomi Mi A2 L,214,https://articulo.mercadolibre.com.ec/MEC-418535659-xiaomi-mi-a2-lite-64gb-215-mi-8-lite-330-note-6-pro-255-_JM
 Iphone 8 64gb/,760,https://articulo.mercadolibre.com.ec/MEC-418893043-iphone-8-64gb8-plus-64gb-8408-plus-256gb-1040-_JM
 Huawei P Smart,200,https://articulo.mercadolibre.com.ec/MEC-418321348-huawei-p-smart-200-huawei-y9-2019-270-nuevos-de-paquete-_JM
 Huawei P20 Lit,264,https://articulo.mercadolibre.com.ec/MEC-418852432-huawei-p20-lite-micaforro-mate-20-lite-340-mate-20-pro-_JM
 Iphone 6 6s 16,169,https://articulo.mercadolibre.com.ec/MEC-418585654-iphone-6-6s-16gb-64gb-128gb-mejor-p-r-e-c-i-o-garantizado-_JM
 Xiaomi Mi 8 64,480,https://articulo.mercadolibre.com.ec/MEC-418475086-xiaomi-mi-8-64gb-mi-8-lite-64gb-300mi-8-lite-128gb-330-_JM
 Samsung J4 64g,154,https://articulo.mercadolibre.com.ec/MEC-418868820-samsung-j4-64gb-155-j4-plus-160-j6-2018-175-j8-255-_JM
 Samsung Galaxy,210,https://articulo.mercadolibre.com.ec/MEC-418728181-samsung-galaxy-j6-plus-210-samsung-j6-2018-de-32gb-180-_JM
 Iphone 7 Plus ,629,https://articulo.mercadolibre.com.ec/MEC-418585209-iphone-7-plus-32gb-128gb-garantia-mejor-precio-tcredito-_JM
 Samsung S8; S8,509,https://articulo.mercadolibre.com.ec/MEC-418236143-samsung-s8-s8-plus-s9-s9-plus-note-8-note-9-nuevos-garantia-_JM
 Huawei Mate 20,340,https://articulo.mercadolibre.com.ec/MEC-418456015-huawei-mate-20-lite-64gb-4gb-ram-mate-20-128gb-780-_JM
 Iphone Xr 64gb,940,https://articulo.mercadolibre.com.ec/MEC-418456046-iphone-xr-64gb-xr-256gb-1120-iphone-xs-max-64gb-1380-_JM
 Huawei Y5 2018,119,https://articulo.mercadolibre.com.ec/MEC-418809183-huawei-y5-2018-120-y6-2018-150-p-smart-2019-32gb-245-_JM
 Xiaomi Redmi 6,119,https://articulo.mercadolibre.com.ec/MEC-418448706-xiaomi-redmi-6-32g-145-6a-16gb-119-6a-32gb-126-_JM
 Xiaomi Pocopho,370,https://articulo.mercadolibre.com.ec/MEC-418285791-xiaomi-pocophone-f1-64-370-mi-8-lit-128-325-mi-a2-128-305-_JM
 Huawei Y7 2018,184,https://articulo.mercadolibre.com.ec/MEC-418449538-huawei-y7-2018-185-y9-2019-270-p-smart-205-nuevos-_JM
 Samsung J4 201,149,https://articulo.mercadolibre.com.ec/MEC-418269068-samsung-j4-2018-j8-2018-268-j6-2018-195-homologado-nuevo-_JM
 Xiaomi Mi 8 Li,328,https://articulo.mercadolibre.com.ec/MEC-418449292-xiaomi-mi-8-lite-mi8-128gb-a2-128gb-pocophone-f1-128gb-_JM
