Slow States of Collapse: ...,£57.31,0
Reasons to Stay Alive,£26.41,1
Private Paris (Private #10),£47.61,0
#HigherSelfie: Wake Up Your ...,£23.11,1
Without Borders (Wanderlove #1),£45.07,0
When We Collided,£31.77,1
|We Love You, Charlie ...|,£50.27,0
Untitled Collection: Sabbath Poems ...,£14.27,1
Unseen City: The Majesty ...,£44.18,0
Unicorn Tracks,£18.78,1
Unbound: How Eight Technologies ...,£25.52,0
Tsubasa: WoRLD CHRoNiCLE 2 ...,£16.28,1
Throwing Rocks at the ...,£31.12,0
This One Summer,£19.49,1
Thirst,£17.27,0
The Torch Is Passed: ...,£19.09,1
The Secret of Dreadwillow ...,£56.13,0
The Pioneer Woman Cooks: ...,£56.41,1
The Past Never Ends,£56.50,0
The Natural History of ...,£45.22,1
